{"cameraMode":{"drawMode":0,"name":"Shaded","section":"Shading Mode"},"sceneLighting":false,"audioPlay":false,"sceneViewState":{"m_AlwaysRefresh":false,"showFog":true,"showSkybox":false,"showFlares":true,"showImageEffects":true,"showParticleSystems":true,"showVisualEffectGraphs":true,"m_FxEnabled":true},"in2DMode":false,"pivot":{"x":-0.5659404397010803,"y":0.034294068813323978,"z":-0.2756335139274597},"rotation":{"x":-0.11167988926172257,"y":0.877190351486206,"z":-0.247324138879776,"w":-0.39615845680236819},"size":0.8015638589859009,"orthographic":false}