{"cameraMode":{"drawMode":0,"name":"Shaded","section":"Shading Mode"},"sceneLighting":false,"audioPlay":false,"sceneViewState":{"m_AlwaysRefresh":false,"showFog":true,"showSkybox":false,"showFlares":true,"showImageEffects":false,"showParticleSystems":true,"showVisualEffectGraphs":true,"m_FxEnabled":true},"in2DMode":false,"pivot":{"x":-0.31097322702407839,"y":1.1411454677581788,"z":-0.04184854030609131},"rotation":{"x":0.0033954663667827846,"y":-0.9964926838874817,"z":0.06617464125156403,"w":0.051156654953956607},"size":0.9158980846405029,"orthographic":false}