{"cameraMode":{"drawMode":0,"name":"Shaded","section":"Shading Mode"},"sceneLighting":true,"audioPlay":false,"sceneViewState":{"m_AlwaysRefresh":false,"showFog":true,"showSkybox":true,"showFlares":true,"showImageEffects":false,"showParticleSystems":true,"showVisualEffectGraphs":true,"m_FxEnabled":true},"in2DMode":false,"pivot":{"x":-2.1908516883850099,"y":0.8098793625831604,"z":0.6623266935348511},"rotation":{"x":0.01653815433382988,"y":0.9708650708198547,"z":-0.22866502404212953,"w":0.07032652199268341},"size":1.315560221672058,"orthographic":false}