{"cameraMode":{"drawMode":0,"name":"Shaded","section":"Shading Mode"},"sceneLighting":true,"audioPlay":false,"sceneViewState":{"m_AlwaysRefresh":false,"showFog":true,"showSkybox":true,"showFlares":true,"showImageEffects":false,"showParticleSystems":true,"showVisualEffectGraphs":true,"m_FxEnabled":true},"in2DMode":false,"pivot":{"x":-4.067835330963135,"y":0.2770986557006836,"z":-10.971409797668457},"rotation":{"x":-0.0065634953789412979,"y":-0.974313497543335,"z":0.22331365942955018,"w":-0.028648003935813905},"size":2.0254220962524416,"orthographic":false}