{"cameraMode":{"drawMode":0,"name":"Shaded","section":"Shading Mode"},"sceneLighting":true,"audioPlay":false,"sceneViewState":{"m_AlwaysRefresh":false,"showFog":true,"showSkybox":true,"showFlares":true,"showImageEffects":false,"showParticleSystems":true,"showVisualEffectGraphs":true,"m_FxEnabled":true},"in2DMode":false,"pivot":{"x":433.0526123046875,"y":203.30311584472657,"z":0.06895065307617188},"rotation":{"x":-0.02279452048242092,"y":-0.03388691693544388,"z":0.0007746348273940384,"w":-0.9991697669029236},"size":12.12582015991211,"orthographic":false}