{"cameraMode":{"drawMode":0,"name":"Shaded","section":"Shading Mode"},"sceneLighting":true,"audioPlay":false,"sceneViewState":{"m_AlwaysRefresh":false,"showFog":true,"showSkybox":true,"showFlares":true,"showImageEffects":false,"showParticleSystems":true,"showVisualEffectGraphs":true,"m_FxEnabled":true},"in2DMode":false,"pivot":{"x":11.839287757873536,"y":3.7797586917877199,"z":-8.80141830444336},"rotation":{"x":0.0018179381731897593,"y":-0.8235499262809753,"z":0.002767696511000395,"w":0.5673708915710449},"size":1.3465508222579957,"orthographic":false}