{"cameraMode":{"drawMode":0,"name":"Shaded","section":"Shading Mode"},"sceneLighting":true,"audioPlay":false,"sceneViewState":{"m_AlwaysRefresh":false,"showFog":true,"showSkybox":true,"showFlares":true,"showImageEffects":false,"showParticleSystems":true,"showVisualEffectGraphs":true,"m_FxEnabled":true},"in2DMode":false,"pivot":{"x":25.797719955444337,"y":8.774749755859375,"z":-10.131185531616211},"rotation":{"x":-0.006325232330709696,"y":0.5242574214935303,"z":-0.0034797433763742449,"w":-0.8517096638679504},"size":0.21099691092967988,"orthographic":false}