{"cameraMode":{"drawMode":0,"name":"Shaded","section":"Shading Mode"},"sceneLighting":true,"audioPlay":false,"sceneViewState":{"m_AlwaysRefresh":false,"showFog":true,"showSkybox":true,"showFlares":true,"showImageEffects":false,"showParticleSystems":true,"showVisualEffectGraphs":true,"m_FxEnabled":true},"in2DMode":false,"pivot":{"x":0.006471395492553711,"y":0.8327412605285645,"z":0.03181426227092743},"rotation":{"x":0.003404817543923855,"y":-0.996145486831665,"z":0.07516204565763474,"w":0.04514801874756813},"size":1.2089725732803345,"orthographic":false}