{"cameraMode":{"drawMode":0,"name":"Shaded","section":"Shading Mode"},"sceneLighting":true,"audioPlay":false,"sceneViewState":{"m_AlwaysRefresh":false,"showFog":true,"showSkybox":true,"showFlares":true,"showImageEffects":false,"showParticleSystems":true,"showVisualEffectGraphs":true,"m_FxEnabled":true},"in2DMode":false,"pivot":{"x":11.584311485290528,"y":3.733940839767456,"z":-8.364999771118164},"rotation":{"x":0.0065276590175926689,"y":0.4082994759082794,"z":-0.0030671951826661827,"w":0.9130059480667114},"size":0.1798677295446396,"orthographic":false}