{"cameraMode":{"drawMode":0,"name":"Shaded","section":"Shading Mode"},"sceneLighting":true,"audioPlay":false,"sceneViewState":{"m_AlwaysRefresh":false,"showFog":true,"showSkybox":true,"showFlares":true,"showImageEffects":false,"showParticleSystems":true,"showVisualEffectGraphs":true,"m_FxEnabled":true},"in2DMode":false,"pivot":{"x":-2.2121646404266359,"y":4.168781757354736,"z":4.5640668869018559},"rotation":{"x":-0.010012002661824227,"y":0.989037275314331,"z":-0.12408827990293503,"w":-0.07998664677143097},"size":0.9919232130050659,"orthographic":false}