{"cameraMode":{"drawMode":0,"name":"Shaded","section":"Shading Mode"},"sceneLighting":true,"audioPlay":false,"sceneViewState":{"m_AlwaysRefresh":false,"showFog":true,"showSkybox":true,"showFlares":true,"showImageEffects":false,"showParticleSystems":true,"showVisualEffectGraphs":true,"m_FxEnabled":true},"in2DMode":false,"pivot":{"x":-3.5187196731567385,"y":0.984420657157898,"z":-3.1695406436920168},"rotation":{"x":0.11768819391727448,"y":0.5911232829093933,"z":-0.08771198987960816,"w":0.7931185364723206},"size":0.4120263159275055,"orthographic":false}