{"cameraMode":{"drawMode":0,"name":"Shaded","section":"Shading Mode"},"sceneLighting":true,"audioPlay":false,"sceneViewState":{"m_AlwaysRefresh":false,"showFog":true,"showSkybox":true,"showFlares":true,"showImageEffects":false,"showParticleSystems":true,"showVisualEffectGraphs":true,"m_FxEnabled":true},"in2DMode":false,"pivot":{"x":-28.57516860961914,"y":5.839649677276611,"z":-18.427427291870118},"rotation":{"x":-0.09398168325424195,"y":-0.24552087485790254,"z":0.024301661178469659,"w":-0.9646724462509155},"size":0.12405475229024887,"orthographic":false}