{"cameraMode":{"drawMode":0,"name":"Shaded","section":"Shading Mode"},"sceneLighting":true,"audioPlay":false,"sceneViewState":{"m_AlwaysRefresh":false,"showFog":true,"showSkybox":true,"showFlares":true,"showImageEffects":false,"showParticleSystems":true,"showVisualEffectGraphs":true,"m_FxEnabled":true},"in2DMode":false,"pivot":{"x":-2.678213357925415,"y":1.3543179035186768,"z":12.322441101074219},"rotation":{"x":0.010527519509196282,"y":0.9890422821044922,"z":-0.09198851138353348,"w":0.11603472381830216},"size":0.28423458337783816,"orthographic":false}