{"cameraMode":{"drawMode":0,"name":"Shaded","section":"Shading Mode"},"sceneLighting":false,"audioPlay":false,"sceneViewState":{"m_AlwaysRefresh":false,"showFog":true,"showSkybox":false,"showFlares":true,"showImageEffects":false,"showParticleSystems":true,"showVisualEffectGraphs":true,"m_FxEnabled":true},"in2DMode":false,"pivot":{"x":-0.8157212734222412,"y":-0.13084855675697328,"z":-0.29620885848999026},"rotation":{"x":0.07613770663738251,"y":0.7318955063819885,"z":-0.08291671425104141,"w":0.6720551252365112},"size":0.5520176291465759,"orthographic":false}